address,symbol,name
0x004d50b3fc784b580531d8e8615aa96cf7fbb919,PLANCK,Planck
0x01bf3d77cd08b19bf3f2309972123a2cca0f6936,AA,ARAI Token
0x0510101ec6c49d24ed911f0011e22a0d697ee776,X,TaleX
0x06238c1b8e618abedf17669228dc95fb2d2e210b,ECHO,Echo
0x0a73d885cdd66adf69c6d64c0609e55c527db2be,K,Sidekick
0x0a8d6c86e1bce73fe4d0bd531e1a567306836ea5,COAI,ChainOpera AI
0x0c78d4605c2972e5f989de9019de1fb00c5d3462,CESS,CESS Network
0x0c808f0464c423d5ea4f4454fcc23b6e2ae75562,EDGEN,LayerEdge
0x0e63b9c287e32a05e6b9ab8ee8df88a2760225a9,PIEVERSE,Pieverse Token
0x0e7779e698052f8fe56c415c3818fcf89de9ac6d,ULTI,Ultiverse
0x0f0df6cb17ee5e883eddfef9153fc6036bdb4e37,BAS,BNB Attestation
0x103071da56e7cd95b415320760d6a0ddc4da1ca5,XTER,Xterio
0x1036b2379f506761f237fba7463857924ef21ce3,BDXN,Bondex Token
0x11cf6bf6d87cb0eb9c294fd6cbfec91ee3a1a7d0,FOREST,Forest
0x1219c409fabe2c27bd0d1a565daeed9bd9f271de,TAC,TAC Token
0x12b4356c65340fb02cdff01293f95febb1512f3b,Broccoli,Broccoli
0x19ed254efa5e061d28d84650891a3db2a9940c16,$SUP,Superp
0x1a9fd6ec3144da3dd6ea13ec1c25c58423a379b1,SPA,Sperax
0x1aaeb7d6436fda7cdac7b87ab8022e97586d2da1,TOWN,Alt.town
0x1aecab957bad4c6e36dd29c3d3bb470c4c29768a,BSU,Baby Shark Universe Token
0x1b379a79c91a540b2bcd612b4d713f31de1b80cc,NAORIS,Naoris Protocol
0x1d58e204ca59328007469a614522903d69dc0a4c,VRA,VERA
0x1e3dbc0aad9671fdd31e58b2fcc6cf1ca9947994,WAI,WORLD3
0x1f34c87ded863fe3a3cd76fac8ada9608137c8c3,OVL,Overlay
0x20482b0b4d9d8f60d3ab432b92f4c4b901a0d10c,REKT,Rekt
0x208bf3e7da9639f1eaefa2de78c23396b0682025,TAG,Tagger
0x22b1458e780f8fa71e2f84502cee8b5a3cc731fa,M,MemeCore
0x238d72e179a581c98dc1996417a49818c7e509dc,FIR,Fireverse
0x23ccab1de32e06a6235a7997c266f86440c2cbe6,DELABS,Delabs Games
0x23d3f4eaaa515403c6765bb623f287a8cca28f2b,BROCCOLI,Broccoli
0x23fe903be385832fd7bb82bf1fee93f696278888,DORA,DORA
0x2a7e3392458307493c86388d5e544aad93286836,ARIAIP,Aria
0x2b5d9adea07b590b638ffc165792b2c610eda649,CKP,Cakepie
0x2c3a8ee94ddd97244a93bc48298f97d2c412f7db,AKE,AKE
0x2d060ef4d6bf7f9e5edde373ab735513c0e4f944,AITECH,AITECH
0x2d739dd563609c39a1ae1546a03e8b469361175f,KO,Kyuzo’s Friends
0x2f714d7b9a035d4ce24af8d9b6091c07e37f43fb,NODE,NodeOps
0x30c60b20c25b2810ca524810467a0c342294fc61,TAIKO,Taiko Token
0x3199a64bc8aabdfd9a3937a346cc59c3d81d8a9a,MUBARAKAH,Mubarakah
0x374c5fb7979d5fdbaad2d95409e235e5cbdfd43c,MLK,MiL.k
0x37eff3ff1321fb9abc734761ca72fafdc044534a,TALE,PrompTale AI
0x38fd4ee2ade8b4be157dfee3d6b8979c78a56145,SHARDS,WorldShards
0x39702843a6733932ec7ce0dde404e5a6dbd8c989,AVAIL,Avail (Wormhole)
0x3b4de3c7855c03bb9f50ea252cd2c9fa1125ab07,IDOL,MEET48 Token
0x3c8d20001fe883934a15c949a3355a65ca984444,Janitor,Janitor
0x3ca729bfd4bbad155f072752510226b37a5b7723,AGON,AGON Agent
0x3dc8e2d80b6215a1bccae4d38715c3520581e77c,EPT,Balance
0x3e5d4f8aee0d9b3082d5f6da5d6e225d17ba9ea0,UAI,UnifAI
0x3ecb529752dec6c6ab08fd83e425497874e21d49,PINGPONG,PINGPONG
0x3f160760535eb715d5809a26cf55408a2d9844c1,OL,OPENLOOT
0x3fefe29da25bea166fb5f6ade7b5976d2b0e586b,ROAM,Roam Token
0x40b8129b786d766267a7a118cf8c07e31cdb6fde,UB,Unibase
0x44440f83419de123d7d411187adb9962db017d03,BNBHolder,币安Holder
0x44f161ae29361e332dea039dfa2f404e0bc5b5cc,H,Humanity
0x4507cef57c46789ef8d1a19ea45f4216bae2b528,TOKEN,TokenFi
0x46ee3bfc281d59009ccd06f1dd6abdbfcd82ffc3,GATA,Gata
0x48a18a4782b65a0fbed4dca608bb28038b7be339,AIA,DeAgentAI
0x49c6c91ec839a581de2b882e868494215250ee59,DGRAM,Datagram
0x4ad663403df2f0e7987bc9c74561687472e1611c,FROG,Frodo the virtual samurai
0x4c067de26475e1cefee8b8d1f6e2266b33a2372e,RHEA,Rhea
0x4e107a0000db66f0e9fd2039288bf811dd1f9c74,VLR,Velora
0x4e200fe2f3efb977d5fd9c430a41531fb04d97b8,ORDER,Orderly Network
0x4fa7c69a7b69f8bc48233024d546bc299d6b03bf,quq,quq
0x503fa24b7972677f00c4618e5fbe237780c1df53,KILO,KiloEx Token
0x5043f271095350c5ac7db2384a0d9337e27c1055,PERRY,Perry
0x51363f073b1e4920fda7aa9e9d84ba97ede1560e,BOB,Build On BNB
0x52b5fb4b0f6572b8c44d0251cc224513ac5eb7e7,BOB,BOB
0x539ae81a166e5e80aed211731563e549c411b140,TA,Trusta.AI
0x55ad16bd573b3365f43a9daeb0cc66a73821b4a5,AIOT,OKZOO
0x57df399cace62f98a74bffdffbb264e6f31bd982,PFVS,Puffverse Token
0x5845684b49aef79a5c0f887f50401c247dca7ac6,CYC,Cycle Network Token
0x59537849f2a119ec698c7aa6c6daadc40c398a25,BOT,HyperBot
0x595e21b20e78674f8a64c1566a20b2b316bc3511,BULLA,BULLA
0x5b6e1ccf4cbbe27f588f8dcea8e9e39acb595e3d,DIGI,MineD
0x5ba9bfffb868859064c33d4f995a0828b2b1d2d3,XLAB,Dexlab
0x5c8daeabc57e9249606d3bd6d1e097ef492ea3c5,FUEL,FUEL
0x5d3a12c42e5372b2cc3264ab3cdcf660a1555238,ARIA,ARIA.AI
0x5d7909f951436d4e6974d841316057df3a622962,GOATED,Goat Network
0x5dbde81fce337ff4bcaaee4ca3466c00aecae274,AGT,Alaya Governance Token
0x5e0d6791edbeeba6a14d1d38e2b8233257118eb1,MGO,MGO
0x61dbbbb552dc893ab3aad09f289f811e67cef285,SKATE,Skate
0x61fac5f038515572d6f42d4bcb6b581642753d50,IN,INFINIT
0x6261963ebe9ff014aad10ecc3b0238d4d04e8353,HANA,Hana Token
0x6685906b75c61c57772c335402f594f855c1b0e3,WILD,Wilder World
0x6952c5408b9822295ba4a7e694d0c5ffdb8fe320,FAIR3,Fair and Free
0x6a2608dabe09bc1128eec7275b92dfb939d5db3f,TOSHI,Toshi
0x6bdcce4a559076e37755a78ce0c06214e59e4444,B,B
0x6bf62ca91e397b5a7d1d6bce97d9092065d7a510,CROSS,Cross
0x6c58e4a513d3a8062e57f41a1442e003af14ebb5,TGT,TGT
0x6cfffa5bfd4277a04d83307feedfe2d18d944dd2,ALEO,Aleo
0x6d2ebdf6d551d8408e7d896e9a1ec6f84806e193,LN,LnfiOFT
0x6f0037c79d144d5b8e3e6f04e49fbb5f25fd508f,RCADE,RCADE
0x722294f6c97102fb0ddb5b907c8d16bdeab3f6d9,DOOD,Doodles
0x74836cc0e821a6be18e407e6388e430b689c66e9,Jager,Jager Hunter
0x75a5863a19af60ec0098d62ed8c34cc594fb470f,MPLX,Metaplex
0x795d2710e383f33fbebe980a155b29757b6703f3,GHIBLI,GhibliCZ
0x799a290f9cc4085a0ce5b42b5f2c30193a7a872b,ELDE,Elderglade
0x7a986ba67227acfab86385ff33436a80e2bb4cc5,PUNDIAI,Pundi AI
0x7b4bf9feccff207ef2cb7101ceb15b8516021acd,MILK,MilkyWay
0x7c8217517ed4711fe2deccdfeffe8d906b9ae11f,BLESS,Bless Token
0x7cea5b9548a4b48cf9551813ef9e73de916e41e0,MIA,MIA
0x7e975d85714b11d862c7cffee3c88d565a139eb7,BOMB,Bombie
0x8105743e8a19c915a604d7d9e7aa3a060a4c2c32,ARTX,Ultiland
0x825459139c897d769339f295e962396c4f9e4a4d,GAME,GameBuild
0x87aa6aeb62ff128aaa96e275d7b24cd12a72aba1,PUBLIC,PublicAI
0x87d00066cf131ff54b72b134a217d5401e5392b6,PUFFER,PUFFER
0x899357e54c2c4b014ea50a9a7bf140ba6df2ec73,PRAI,Privasea AI
0x8a0db359c38414b5f145f65cc1c69d9253067c43,UPTOP,UPTOP
0x8b194370825e37b33373e74a41009161808c1488,VELVET,Velvet
0x8b9ee39195ea99d6ddd68030f44131116bc218f6,PEAQ,PeaqOFT
0x8c321c2e323bc26c01df0dc62311482a1256fdf5,ZENT,Zentry
0x8dedf84656fa932157e27c060d8613824e7979e3,STBL,STBL_Token - STBL Governance Token
0x8fce7206e3043dd360f115afa956ee31b90b787c,STAR,Starpower Network
0x90869b3a42e399951bd5f5ff278b8cc5ee1dc0fe,REX,REX
0x91152b4ef635403efbae860edd0f8c321d7c035d,IRYS,Irys
0x9123400446a56176eb1b6be9ee5cf703e409f492,TRADOOR,TRADOOR
0x92aa03137385f18539301349dcfc9ebc923ffb10,SKYAI,SKYAI
0x95034f653d5d161890836ad2b6b8cc49d14e029a,AB,AB
0x953783617a71a888f8b04f397f2c9e1a7c37af7e,JOJO,JOJOWORLD
0x9558a9254890b2a8b057a789f413631b9084f4a3,AIN,Infinity Ground AI
0x95c9b514566fbd224dc2037f5914eb8ab91c9201,PTB,Portal To Bitcoin
0x996d1b997203a024e205069a304161ba618d1c61,TAT,Tell A Tale
0x997a58129890bbda032231a52ed1ddc845fc18e1,SIREN,SIREN
0x9a70815dfb644a24b57358e1041f8d0324c8f6e1,BOOP,BOOP
0x9beee89723ceec27d7c2834bec6834208ffdc202,AVL,AVL
0x9c8b5ca345247396bdfac0395638ca9045c6586e,RWA,Allo
0x9cfae8067322394e34e6b734c4a3f72acc4a7fe5,DGC,DecentralGPT
0x9ec02756a559700d8d9e79ece56809f7bcc5dc27,WHY,why
0x9eca8dedb4882bd694aea786c0cbe770e70d52e3,LONG,LONG
0xa1832f7f4e534ae557f9b5ab76de54b1873e498b,BID,CreatorBid
0xa18bbdcd86e4178d10ecd9316667cfe4c4aa8717,BNBXBT,BNBXBT
0xa2be3e48170a60119b5f0400c65f65f3158fbeee,ZEUS,ZEUS
0xa3cfb853339b77f385b994799b015cb04b208fe6,POP,Zypher Token
0xa45f5eb48cecd034751651aeeda6271bd5df8888,Froggie ,Froggie 
0xa49fa5e8106e2d6d6a69e78df9b6a20aab9c4444,DONKEY,donkey
0xa4b68d48d7bc6f04420e8077e6f74bdef809dea3,BGSC,BugsCoin
0xa5346f91a767b89a0363a4309c8e6c5adc0c4a59,MM,MOMO.FUN
0xa5c8e1513b6a08334b479fe4d71f1253259469be,GUA,GUA
0xa890f8ba60051ec8a5b528f056da362ba208a96f,GAIN,GriffinAI
0xa8d3dee6671c4fdac4743a1eb1f276eabd4ba302,ZKWASM,ZKWASM Token
0xa992ffb0c9b753307b9704079c61db4e405deffd,COA,Alliance Games
0xaafe1f781bc5e4d240c4b73f6748d76079678fa8,TIMI,TIMI
0xabd834a7823567673e1ac07635d5d9857b34a8d3,AFT,AIFlow Token
0xad8c787992428cd158e451aab109f724b6bc36de,ASP,ASPECTA
0xb035723d62e0e2ea7499d76355c9d560f13ba404,OIK,Space Nation Oikos
0xb05f4747eb3d18a3fa4aa3e5c627f02ccc70d005,DARK,DarkStar
0xb40f2e5291c3db45abb0ca8df76f1c21e9f112a9,BRIC,BRIC
0xb5761f36fdfe2892f1b54bc8ee8babb2a1b698d3,RICE,RICE AI
0xb7c0007ab75350c582d5eab1862b872b5cf53f0c,PUMP,pumpBTC Governance token
0xb7e548c4f133adbb910914d7529d5cb00c2e9051,PAL,Palio
0xb994882a1b9bd98a71dd6ea5f61577c42848b0e8,WoD,World of Dypians
0xb9e1fd5a02d3a33b25a14d661414e6ed6954a721,SOON,SOON Token
0xba38b3c706f7a515ff7c8db04daa0a134ec46d2b,USELESS,USELESS COIN
0xba5ed44733953d79717f6269357c77718c8ba5ed,U,Union
0xbe7e12b2e128bc955a0130ffb168f031d7dd8d58,BOOST,Boost
0xbfe78de7d1c51e0868501d5fa3e88e674c79acdd,LOT,League of Traders
0xc07e1300dc138601fa6b0b59f8d0fa477e690589,Q,Quack AI Token
0xc08cd26474722ce93f4d0c34d16201461c10aa8c,CARV,CARV
0xc0c240c870606a5cb3150795e2d0dfff9f1f7456,RION,Hyperion
0xc1353d3ee02fdbd4f65f92eee543cfd709049cb1,CUDIS,CUDIS
0xc19539eb93444523ec8f1432624924d2e6226546,TAKER,TAKER
0xc19d38925f9f645337b1d1f37baf3c0647a48e50,GAIB,GAIB
0xc23db46993f643f1fa0494cd30f9f43505885d84,TCOM,TCOM
0xc61eb549acf4a05ed6e3fe0966f5e213b23541ce,NUMI,NUMINE Token
0xc71b5f631354be6853efe9c3ab6b9590f8302e81,ZK,Polyhedra Network
0xcc442a4c0b9c35578aa285f0d39f2bcc0e152acd,SSS,Sparkle Token
0xcd1679f117e81defc4f0009311ddc23fc1ae4a5e,MAIGA,MAIGA Token
0xcd806d0eb9465020994c9e977cbe34fe430172ae,DL,Dill
0xce7c3b5e058c196a0eaaa21f8e4bf8c2c07c2935,BOOM,Boom
0xcef5b397051fc92026249670e918c0ad7b8585e4,OBT,Orbiter Token
0xcf640fdf9b3d9e45cbd69fda91d7e22579c14444,gorilla,gorilla
0xd029b392580d555f35cca1987f27d248cf883716,PHY,DePHY
0xd06716e1ff2e492cc5034c2e81805562dd3b45fa,MGP,Magpie Token
0xd5369a3cac0f4448a9a96bb98af9c887c92fc37b,BUBB,Bubb
0xd55c9fb62e176a8eb6968f32958fefdd0962727e,FHE,MindNetwork FHE Token
0xd5df4d260d7a0145f655bcbf3b398076f21016c7,AOP,Ark Of Panda
0xd5eaaac47bd1993d661bc087e15dfb079a7f3c19,KOMA,Koma Inu
0xd715cc968c288740028be20685263f43ed1e4837,GAIA,Gaia Token
0xd8002d4bd1d50136a731c141e3206d516e6d3b3d,GM,GOMBLE
0xd86e6ef14b96d942ef0abf0720c549197ea8c528,RDO,RDO Token
0xd955c9ba56fb1ab30e34766e252a97ccce3d31a6,XPIN,XPIN Token
0xda7ad9dea9397cffddae2f8a052b82f1484252b3,RIVER,River
0xdac991621fd8048d9f235324780abd6c3ad26421,ZRC,Zircuit
0xdb6f1f098b55e36b036603c8e54663a8d907d6e1,BEE,BEE
0xdc06717f367e57a16e06cce0c4761604460da8fc,BNBCARD,BNB Card
0xde04da55b74435d7b9f2c5c62d9f1b53929b09aa,AICell,AICell
0xe0a441d23cedb44822dfc8562e4d8d39c6b7f946,SGC,SGC
0xe1e93e92c0c2aff2dc4d7d4a8b250d973cad4444,恶俗企鹅,三维威廉泰尔企鹅
0xe3225e11cab122f1a126a28997788e5230838ab9,XNY,Codatta XNY
0xe32f9e8f7f7222fcd83ee0fc68baf12118448eaf,XCX,Xeleb AI
0xe50e3d1a46070444f44df911359033f2937fcc13,SQD,Subsquid
0xe6df05ce8c8301223373cf5b969afcb1498c5528,KOGE,BNB48 Club Token
0xe747e54783ba3f77a8e5251a3cba19ebe9c0e197,TAKE,TAKE
0xea17df5cf6d172224892b5477a16acb111182478,elizaOS,elizaOS
0xea37a8de1de2d9d10772eeb569e28bfa5cb17707,JCT,JANCTION
0xf39e4b21c84e737df08e2c3b32541d856f508e48,ESPORTS,Yooldo Games
0xf486ad071f3bee968384d2e39e2d8af0fcf6fd46,VELO,VELO
0xf4b385849f2e817e92bffbfb9aeb48f950ff4444,EGL1,EGL1
0xf6402bec11bd945bbd46be77e1fa5d477883f6c2,PORT3,Port3 Network
0xf86089b30f30285d492b0527c37b9c2225bfcf8c,PLAY,Play
0xf970706063b7853877f39515c96932d49d5ac9cd,YALA,Yala Token
0xf9ca3fe094212ffa705742d3626a8ab96aababf8,DAM,Reservoir
0xfa35e2250e376c23955247383dc32c79082e7fcc,FST,FreeStyle Token
0xfc5a743271672e91d77f0176e5cea581fbd5d834,SLAY,SatLayer
0xfdc8cd47848c0c67df66f7120f4e3371181cfa5e,BLUM,Blum
0xfe2dd2d57a05f89438f3aec94eafa4070396bab0,MAT,Matchain
0xfe723495f73714426493384eb5e49aa5b827e1d5,MORE,Moonveil
0xfebe8c1ed424dbf688551d4e2267e7a53698f0aa,VINU,Vita Inu
0xfed13d0c40790220fbde712987079eda1ed75c51,BTR,BTR token
0xff7d6a96ae471bbcd7713af9cb1feeb16cf56b41,BR,Bedrock
0xff7f8f301f7a706e3cfd3d2275f5dc0b9ee8009b,FOLKS,Folks Finance
